ANON_ID,original_code,understand_question,understand_answer,apply_question,apply_answer,create_question,create_answer
1,"int IsPalindrome(char *word)
{
    int left = 0;
    int right = strlen(word) - 1;

    while (left < right) {
        if (word[left] != word[right]) {
            return 0; 
        }
        left++;
        right--;
    }

    return 1; 
    
}",What is the purpose of 'right = strlen(word) - 1;' in the IsPalindrome function?,It sets the 'right' variable to the index of the last character in the string so that the function can compare characters from both ends moving towards the center.,"When the input to IsPalindrome is the string ""level"", how many times will the 'while (left < right)' loop execute before the function returns?",The loop will execute 2 times because left and right move toward each other until left is no longer less than right after the second comparison.,"What modification would you make to the IsPalindrome function so it can handle empty strings as valid palindromes, in addition to the current behavior?","Add a condition at the beginning of the function to check if the input string's length is zero, and if so, return 1 to indicate that an empty string is a palindrome."
2,"int IsPalindrome(char *word)
{
    int n = strlen(word);
    for (int i = 0; i < (n / 2); i++) {
        if (word[i]!=word[n-i-1]) {
            return 0;
            break;
        }
    }
    return 1;
}",What is the purpose of the condition 'word[i]!=word[n-i-1]' in the for loop of the IsPalindrome function?,"It checks whether the character at position i from the start matches the character at the corresponding position from the end of the string, to determine if the word reads the same forwards and backwards.","According to operator precedence and loop bounds in this code, how many times will the for loop execute for a word of length 5?","The for loop will execute 2 times for a word of length 5, since it iterates while i is less than n/2 (which is 2 for n=5, because integer division yields 2).",The 'break' statement after 'return 0;' is unreachable; what change should you make to improve the code style here?,Remove the 'break;' statement because code after a return statement is never executed.
3,"int IsPalindrome(char *word)
{
    int length = strlen(word);
    
    for (int i = 0; i < length / 2; i++) {
        if (word[i] != word[length - 1 - i]) {
            return 0;
        }
    }
    return 1;
}",What is the purpose of comparing 'word[i]' and 'word[length - 1 - i]' in the for loop of the IsPalindrome function?,It checks whether the character at the i-th position from the start matches the character at the i-th position from the end to determine if the word reads the same forwards and backwards.,"If the input to this function is the string ""level"", how many times will the for-loop body execute before the function returns?","The for-loop body will execute twice before the function returns, since 'length' is 5 and the loop iterates from i = 0 to i < 2.",What single change would you make to the IsPalindrome function so that it correctly handles empty strings as valid palindromes?,Add a condition at the start of the function to check if the input string's length is zero and return 1 if it is.
4,"#include <string.h>
#include <stdio.h>

int IsPalindrome(char *word)
{
    int length = strlen(word);
    int middle = (length - 1)/2;
    int counter = 0;
   
    if (length <= 1) {
        return 1;
    }

    if (length == 2) {
        if (word[0] == word[1]) {
            return 1;
        } else {
            return 0;
        }
    }

    for (int i = 0; i < middle; i++) {
        if (word[i] == word[length - 1 - i]) {
            counter++;
        }
    }
    
    int ispalindrome = 0;
    if (counter == middle) {
        ispalindrome = 1;
    }
    return ispalindrome;
}",What is the purpose of using 'word[length - 1 - i]' as an index in the for loop condition?,"It accesses characters from the end of the string, moving backwards, so each character can be compared to its corresponding character from the start to check for palindrome symmetry.","Given the for loop 'for (int i = 0; i < middle; i++)', if the input is the word ""racecar"", how many times will the loop execute, and why?","The loop will execute 3 times because 'middle' is calculated as (7-1)/2 = 3, so i takes values 0, 1, and 2.",How could you change the for-loop in IsPalindrome to improve the runtime efficiency of the palindrome check for longer words?,"You could return 0 and exit the function immediately when a mismatched pair is found inside the loop, rather than incrementing a counter and waiting until the end to decide if the word is a palindrome."
5,"int IsPalindrome(char *word)
{
    int left = 0;
    int right = (int)strlen(word) - 1;
    
    while (left < right) {
        if (word[left] != word[right]) {
            return 0;
        }
        left++;
        right--;
    }
    return 1;
}",What is the purpose of 'left++' and 'right--' inside the while loop in this function?,They move the left index one position right and the right index one position left so both sides of the string are compared towards the center.,"If the input to IsPalindrome is the string ""level"", what values will the variables 'left' and 'right' have just before the while loop condition becomes false?","Just before the while loop condition becomes false, 'left' will be 2 and 'right' will also be 2.","How would you modify the IsPalindrome function to support checking palindrome status for strings that may include uppercase and lowercase characters, treating them as equal?","Add code to convert both word[left] and word[right] to a common case (either lower or upper) before comparison, such as using tolower() on each character during the comparison."
6,"int IsPalindrome(char *word)
{
    int length = strlen(word);
    for (int i = 0; i < length/2; i++) {
        if (word[i] != word[length-i-1]) {
            return 0;
        }
    }
    return 1;
}",What is the purpose of using 'word[length-i-1]' in the conditional inside the for-loop of this function?,"It accesses the character from the end of the string that corresponds to the character at position i from the start, allowing comparison of matching characters from both ends to check for a palindrome.","If the input to IsPalindrome is the string ""abcba"", how many times does the for loop execute, and why?","The for loop executes 2 times because length is 5 and the loop runs while i < 2 (i = 0, 1), comparing characters from the start and end moving inward.","How would you modify the IsPalindrome function to correctly handle empty strings as valid palindromes, and what specific change would you make?",I would add a condition at the beginning of the function to return 1 if the input string is empty by checking if length is zero (if (length == 0) return 1;).
7,"int IsPalindrome(char *word)
{

int length = strlen(word);

int left = 0;
int right = length - 1;

while (left < right) 
{
    if (word[left] != word[right])
    
    {
        return 0;
    }
    
    left++;
    right--;
}

return 1;
    
}",What is the purpose of the 'while (left < right)' condition in this function?,"It ensures that the comparison of characters from both ends of the string continues only until the two indices meet or cross, allowing the function to check for palindrome property efficiently.","If the input to IsPalindrome is the string ""racecar"", what specific check does 'if (word[left] != word[right])' perform during each iteration of the loop?","It compares the characters at positions left and right in the string to verify that they are equal; if any pair differs, the function returns 0 immediately.","If you wanted IsPalindrome() to ignore spaces when checking for palindromes (so that 'nurses run' would be accepted), what modification would you suggest to the code?",Add logic inside the while loop to skip spaces by incrementing left or decrementing right when word[left] or word[right] is a space.
8,"int IsPalindrome(char *word)
{
    int length= strlen(word), p=1;

    if (length== 1){
        return p;
    }
    for (int i=0; i<length/2; i++){
    if(word[i]!=word[length-1-i]){
        p=0;
        return p;
    }
    }
    return p;
}",What is the purpose of 'word[length-1-i]' in the condition inside the for loop?,"It accesses the character in the word from the end, allowing comparison of characters from opposite ends to check if the word is a palindrome.","For the input string ""deed"", how many times does the loop inside IsPalindrome run before the function returns, and what reasoning determines this loop count?","The loop runs 2 times because for a string of length 4, the loop iterates from i = 0 up to i < 2 (since 4/2 = 2), checking both pairs of mirrored characters.","How could you modify the IsPalindrome function to more efficiently check for an empty string as a palindrome case, while maintaining or improving runtime efficiency?","You can add a check at the start of the function to immediately return 1 if word[0] is the null terminator, which efficiently treats the empty string as a palindrome without calling strlen."
9,"int IsPalindrome(char *word) {
  int len = strlen(word);
  for (int i = 0; i < len / 2; i++) {
    if (word[i] != word[len - i - 1])
      return 0;
  }
  return 1;
}",What is the purpose of checking 'word[i] != word[len - i - 1]' inside the for loop?,"It compares characters from the start and end of the string moving towards the center to determine if they are the same, ensuring the word reads the same forward and backward.","If the input word is ""level"", how many times will the for-loop execute in the IsPalindrome function, and why?","The for-loop will execute 2 times because len is 5, and the loop runs while i < 2 (since 5/2 is 2), so i takes values 0 and 1.","What modification would you suggest to the IsPalindrome function to ensure it handles empty strings correctly as palindromes, assuming the input string could sometimes be empty?","Add a condition at the beginning of the function to return 1 if the length is zero, so that empty strings are treated as palindromes."
10,"int IsPalindrome(char *word)
{
    int i = 0;
    int j = 0;
    int test = 0;

    while (word[i] != '\0') {
        i++; //counts then number of characters till null ie abcba would be 5
    }
    if (i == 1) {
        return test = 1; //if only one letter, then always true
    }


    for (j = 0; j < i/2; j++) { // from 0 to i/2 and from i to i/2
        if (word[j] == word [i-j-1]) {
            test = 1;
        }
        else {
            test = 0;
            return test;
        }
    }
    return test;
}",What is the purpose of comparing 'word[j]' with 'word[i-j-1]' in the for loop of this code?,"It checks if the character from the start and the corresponding character from the end of the word are the same, which is necessary to determine if the word is a palindrome.","According to how the variable 'i' is calculated using the while loop in this code, what value does 'i' hold after the loop finishes if the input word is ""racecar""?","i will hold the value 7, which is the number of characters in the word ""racecar"" including all letters before the null terminator.",What change would you suggest to make this function more efficient when checking if the word is a palindrome?,"I would suggest returning 0 immediately when a mismatched character pair is found and returning 1 at the end if no mismatches are found, without using the 'test' variable."
11,"#include <stdio.h>
#include <string.h>
#include <stdbool.h>

int IsPalindrome(char *word)
{
    int pal = true;
    
    for (int i = 0; i <= (strlen(word)-1); i++) {
        if (word[i] != word[strlen(word)-1-i]) {
            pal = false;
        }
    }
    return pal;
}",What is the purpose of using 'word[strlen(word)-1-i]' in the if-condition inside the loop?,"It accesses the character in the word that is symmetrically opposite to 'word[i]', allowing the function to compare characters from the start and end moving towards the center.","If IsPalindrome is called with the input ""madam"", how many times will the for loop execute, and what values will the loop variable 'i' take?","The for loop will execute 5 times, with 'i' taking the values 0, 1, 2, 3, and 4.","What change would you make to the loop bounds in this function to improve its runtime efficiency when checking for palindromes, and why?","I would change the loop to run only up to half the length of the string because comparing beyond the midpoint repeats checks already made, making the function more efficient."
12,"int IsPalindrome(char *word) {
    size_t length = strlen(word);
    if (length == 1) return 1;

    for (int left = 0; left < length / 2; left++) {
        int right = length - left - 1;
        if (word[left] != word[right]) {
            return 0;
        }
    }

    return 1;
}",What is the purpose of using 'length - left - 1' as the index to access the 'right' character in the word?,"It allows the function to compare characters from the end of the string moving towards the start, pairing each character with its symmetric counterpart from the beginning.","For the input string ""level"", how many times will the loop inside IsPalindrome execute, and why?","The loop will execute 2 times because length is 5, so left ranges from 0 to 1 (while left < 2.5), checking pairs from both ends toward the center.",How would you modify the IsPalindrome function so that it can safely handle input strings of length zero without causing a bug?,"Add a check at the beginning of the function to return 1 if length is zero, such as: if (length == 0) return 1;."
13,"int IsPalindrome(char *word)
{
    int stringSize, checkUpperLimit;
    int i;

    // Determine the size of the string and how many
    // characters to check.
    stringSize = strlen(word);
    checkUpperLimit = stringSize / 2;

    // Check for any cases which make the word not a palindrome
    for (i = 0; i < checkUpperLimit; i++) {
        if (word[i] != word[stringSize - i - 1]) {
            return 0;
        }
    }

    // If program makes it this far, word must be a palindrome.
    return 1;
}",What is the purpose of 'word[stringSize - i - 1]' in the condition inside the for loop?,"It accesses the character in the word from the end, matching it with the character from the beginning to compare both ends for palindrome checking.","If the input to IsPalindrome is the string ""abccba"", how many times will the for loop execute, and why?","The for loop will execute 3 times because the loop runs from i = 0 up to i < stringSize/2; with stringSize 6, stringSize/2 is 3, so i takes values 0, 1, and 2.","What modification would you suggest to the IsPalindrome function to make it correctly handle empty strings as palindromes, and why?","I would add a check at the start of the function to return 1 if the input string is empty, since an empty string is considered a palindrome."
14,"int IsPalindrome(char *word)
{
    int i = 0;
    int j = strlen(word)-1;
    while (word[i] == word[j]){
        i++;
        j--;
        if (i == strlen(word)) {
            return 1;
        }
    }
    return 0;
}",What is the purpose of the condition 'while (word[i] == word[j])' in this function?,It repeatedly checks if the characters at the start and end positions of the word are equal to verify if the word could be a palindrome.,"If the input to IsPalindrome is the string ""abba"", what value will 'i' and 'j' have at the moment the function returns 1?",Both 'i' and 'j' will have the value 2 when the function returns 1.,What specific change would you make to the loop condition or structure to correctly detect palindromes and avoid reading past the start or end of the word?,I would change the while loop to 'while (i < j)' and move the character comparison inside the loop; this ensures that only corresponding characters are compared and the function doesn't read out-of-bounds.
15,"int IsPalindrome(char *word)
{
    int length = 0;
    
    while (word[length] != '\0')
        length++;

    for (int i = 0; i < length / 2; i++)
        if (word[i] != word[length - i - 1])  
            return 0;
    return 1;
}",What is the purpose of comparing word[i] with word[length - i - 1] inside the for loop in this function?,"It checks if the character from the start of the word matches the corresponding character from the end, helping to determine if the word reads the same forwards and backwards.","If the input to this function is the string ""level"", how many times will the 'for' loop execute before the function returns?","The 'for' loop will execute 2 times before the function returns, once for i=0 and once for i=1, since the length of ""level"" is 5 and the loop runs for i from 0 up to (5 / 2) - 1.",What change could you make in the IsPalindrome function to improve its runtime efficiency regarding how the string length is determined?,"You could replace the manual counting of the string's length with the built-in strlen() function, which makes the code more efficient and concise."
16,"int IsPalindrome(char *word)
{
    int palindromic = 1;
	int length = strlen(word) - 1;
	for (int i = 0; i < length; i++) {
		if (word[i] != word[length - i]) {
			palindromic = 0;
		}
	}

	return palindromic;
}",What is the intent of 'word[length - i]' in the if condition inside the for loop?,"It accesses the character from the end of the word that corresponds to the character at position i from the beginning, allowing the code to compare mirrored characters for palindrome checking.","If you call IsPalindrome with the input ""abba"", how many times will the if-condition 'if (word[i] != word[length - i])' be evaluated inside the loop?","It will be evaluated three times, once for each value of i from 0 up to (but not including) length, where length is strlen(word) - 1.",What specific change would you make to the loop condition or body to ensure the function efficiently stops checking as soon as a non-matching character pair is found?,"Add a 'break' statement inside the 'if' block so the loop exits immediately after setting 'palindromic' to 0, which avoids unnecessary further checks once the word is known not to be a palindrome."
17,"int IsPalindrome(char *word)
{
    int len = strlen(word);
    for (int i = 0; i<len/2; i++) {
        if (word[i] != word[(len-1-i)]) {
            return 0;
        }
    }
    return 1;
}",What is the purpose of using 'len-1-i' as the index when comparing characters in the word array?,It accesses the character from the opposite end of the string so that characters from the beginning and end can be compared to check if the word is a palindrome.,"Given the use of 'i < len/2' in the for loop, how many character comparisons will the function make when checking a string of length 7?","It will make 3 comparisons, since the loop runs from i=0 to i=2 (less than 7 divided by 2, which is 3.5, flooring to 3 iterations).",How would you modify the IsPalindrome function so that it ignores spaces when determining if a word is a palindrome?,"I would update the function to skip spaces when comparing characters, such as by incrementing or decrementing the indices i and (len-1-i) if word[i] or word[len-1-i] is a space."
18,"#include <stdio.h>
#include <string.h>

int IsPalindrome(char *word)
{
    int length = strlen(word);
    int counter = 0;
for (int i = 1;i<= length;i++)
{
    if (word[i-1] == word[length-i])
    {
        counter = counter+1;
    }
    else if ((word[i-1] != word[length-i]))
    {
        counter = counter;
    }
    
    
}
if (counter == length)
{
    return 1;
}
else {
    return 0;
}

}",What is the purpose of using 'word[i-1]' and 'word[length-i]' in the condition inside the for loop?,"They are used to compare characters from the beginning and end of the string, moving inward, to check if the word reads the same forwards and backwards.","If IsPalindrome is called with the input ""abba"", what will be the value of 'counter' after the for loop completes, and why?","The value of 'counter' will be 4 because the loop compares each character at positions i-1 and length-i for all positions from 1 to length, and each pair matches for ""abba"".",What change would you make to the for loop's boundary to improve the efficiency of the palindrome check in IsPalindrome()?,"I would change the loop to run only up to half the length of the word (i < length/2), since comparing each character with its opposite once is sufficient to check for a palindrome."
19,"int IsPalindrome(char* word) {
	int length = strlen(word);

	int i = 0;
	int flag = 1;
	//printf(""i=%d, flag=%d, length=%d, halfway=%d\n"", i, flag, length, floor(length / 2) - 1);
	while (flag == 1 && i<=floor(length/2)-1) {
		//printf(""i=%d: %c -- %c\n"", i, word[i], word[length - 1 - i]);
		if (word[i] != word[length - 1 - i]) {
			//printf(""%c -- %c\n"", word[i], word[length-1-i]);
			flag = 0;
			break;
		}
		i++;
	}
	return flag;
}",What is the purpose of comparing word[i] with word[length - 1 - i] inside the if statement in this code?,"It checks whether the character at position i from the start of the string matches the character at the corresponding position from the end, to determine if the string is a palindrome.","According to the while loop condition 'i<=floor(length/2)-1', for a word with length 5, how many times will the loop body execute?","The loop body will execute 2 times because floor(5/2) - 1 equals 1, so i goes from 0 to 1.",What single change could you make to improve the efficiency of the 'while' condition that currently uses 'i<=floor(length/2)-1'?,"Replace 'i<=floor(length/2)-1' with 'i < length/2' to remove the unnecessary use of 'floor' and subtraction, making the code cleaner and more efficient."
20,"int IsPalindrome(char string[]) {

	int is_identical = 0;
	int string_length = strlen(string);

	char new_string[100];

	for (int i = 0; i < string_length; i++) {

		new_string[i] = string[string_length - 1 - i];

	}

	new_string[string_length] = '\0';

	if (strcmp(string, new_string) == 0) {

		is_identical = 1;

	}

	return is_identical;
}",What is the purpose of assigning 'new_string[i] = string[string_length - 1 - i];' inside the for loop?,It copies the characters from the original string into new_string in reverse order to create a reversed version of the input string.,"If you call IsPalindrome with the input string ""level"", what value will 'is_identical' have before it is returned, and why?","'is_identical' will be 1 because after reversing ""level"", the comparison with the original string will be true, indicating it is a palindrome.",What change would you make to the IsPalindrome function to improve its memory efficiency without altering its correctness?,"Eliminate the use of the 'new_string' array and instead compare characters from the start and end of the input string directly, since creating a reversed copy uses unnecessary memory."
21,"int IsPalindrome(char *word)
{
   int length = 0;
    while (word[length] != '\0')
    {
        length++;
    }
    // printf(""Length = %d\n"", length);
    
    
    // printf(""odd\n"");
    // printf(""length/2 = %d"", length/2);
    for (int j = 0; j < (length/2); j++)
    {
        // printf(""word[j] == %c\n"", word[j]);
        // printf(""other = %c\n"", word[length-j-1]);
        if (word[j] != word[length-j-1])
        {
            return 0;
        }
    }
    

  

    //printf(""%d\n"", i/2); // if length =3 prints 1

    return 1; 
}",What is the purpose of comparing 'word[j]' with 'word[length-j-1]' inside the for loop in this function?,"It checks whether the character from the start of the string matches the corresponding character from the end, helping to determine if the word reads the same forwards and backwards.","Given the for loop condition 'j < (length/2)' in this code, how many times will the loop execute if the input word is 'refer'?","The loop will execute 2 times because 'refer' has length 5, so length/2 is 2, and j ranges from 0 to 1.","What change would you make to improve the code's runtime efficiency, given that the strlen() function is available for finding string length?",Replace the manual while loop counting the length with 'int length = strlen(word);' to compute the length more efficiently and concisely.
22,"int IsPalindrome(char *word)
{
    for (int i = 0; i < (strlen(word)) / 2; i++) {
		if (word[i] != word[strlen(word) - i - 1]) {
			return 0;
		}
	}
	return 1;
}",What is the purpose of using 'word[strlen(word) - i - 1]' in the comparison inside the if statement?,"It accesses the character from the end of the string that corresponds to the character at position i from the start, allowing the function to compare mirrored positions for palindrome checking.","Given the function, what values of i will the loop variable take if the input word is 'madam'?","For the input 'madam', i will take the values 0 and 1 during the loop.",What change could you make to avoid repeatedly calling strlen(word) inside the loop to improve the runtime efficiency of the IsPalindrome function?,Store the result of strlen(word) in a separate variable before the loop and use that variable in the loop's condition and body.
23,"#include <stdio.h>
#include <string.h>

int IsPalindrome(char *word)
{
	int palindrome = 0;
	int length = strlen(word);
for( int i = 0; i < length; i++) {
	if(word[i] == word[length - 1 - i]) {
		palindrome = 1;
	} else {
		palindrome = 0;
		break;
	}
}
  return palindrome;
}",What is the purpose of comparing 'word[i]' with 'word[length - 1 - i]' in the loop?,"This comparison checks if the character at position i from the start matches the character at the corresponding position from the end, ensuring the word reads the same forwards and backwards.","If the input to IsPalindrome is the string ""racecar"", what value will the variable palindrome have just before the function returns, and why?","The variable palindrome will have the value 1, because each corresponding pair of characters in ""racecar"" matches, so the loop does not break and palindrome remains set to 1.",What change could you make in the loop condition to improve the runtime efficiency of IsPalindrome when checking if a word is a palindrome?,"You could change the loop condition to 'i < length / 2' so the loop only checks up to the middle of the word, since comparing beyond that repeats the same checks in reverse."
24,"int IsPalindrome(char *word)
{
    int len = strlen(word);
    int i = 0;
    for (i = 0; i < len/2; i++) {
        if (word[i] != word[len - 1 - i]){
            return 0;
        }
    }

    return 1;
}",What is the purpose of comparing 'word[i]' to 'word[len - 1 - i]' in the for loop?,"It checks whether the character at position i from the start of the word matches the corresponding character from the end, ensuring the word reads the same forwards and backwards.","In the loop condition 'i < len/2', how does the code ensure that each relevant pair of characters is checked only once when determining if 'word' is a palindrome?","By iterating i from 0 up to (but not including) len/2, the loop checks each character from the start against its corresponding character from the end, so every necessary pair is compared exactly once.","What modification would you make to IsPalindrome so that it ignores spaces in the input word when checking for palindromes, and what part of the code would you change?","I would update the loop to skip over spaces when comparing characters by adding checks to ignore ' ' at both ends, modifying the comparison statements in the for loop to handle non-letter characters properly."
25,"int IsPalindrome(char *word)
{
    int length = 0;
    char reverse[100] = """";


    while (word[length] != '\0')
    {
        length++;
    }
    

    for (int i = 0; i < length; i++)
    {
        reverse[i] = word[length - 1 - i];
    }
    reverse[length] = '\0';


    for (int j = 0; j < length; j++)
    {
        if (reverse[j] != word[j])
        {
            return 0;
        }
    }

    
    return 1;
}",What is the purpose of using 'reverse[i] = word[length - 1 - i];' in this function?,"It copies characters from the end of the input word to the start of the reverse array, effectively building a reversed version of the input word.","According to the logic in the 'for (int i = 0; i < length; i++)' loop, what value does reverse[2] hold if the input word is ""race""?","reverse[2] will hold the character 'c', which is the character at word[1], because it copies the characters from the original word in reverse order.","What single change could you make to improve the efficiency of determining if 'word' is a palindrome, instead of creating and comparing a reversed copy?","Compare characters from the beginning and end of 'word' directly in a loop without creating a reversed copy, returning 0 if any mismatched pair is found."
26,"int IsPalindrome(char* word) {
	if (strlen(word) == 1) {
		return 1;
	}
	for (int i = 0; i < strlen(word)/2; i++) {
		if (!(word[i] == word[strlen(word) - i - 1])) {
			return 0;
		}
	}
	return 1;
}",What is the purpose of using 'word[strlen(word) - i - 1]' as an index in this function?,"It accesses the character in the input string that is the same distance from the end as 'i' is from the start, allowing the function to compare mirrored characters to check for a palindrome.","When the input word is 'level', how many times does the for loop in this function run, and why?","The for loop runs 2 times because strlen('level') is 5, so the loop iterates while i < 2 (that is, for i = 0 and i = 1).",What modification would you suggest to improve the runtime efficiency of the for loop that checks for palindromes in this code?,Store the result of strlen(word) in a variable before the loop to avoid recalculating the string length on every iteration.
27,"#include <stdio.h>
#include <string.h>
int IsPalindrome(char *word)
{
    int length = strlen(word);
    int isPalidrome = 0;
    int opposite = length - 1;
    int counter = 0;
    
    for (int i = 0; i < length/2; i++) {
        if (word[i] == word[opposite]) {
            counter++;
        }
        opposite--;
    }
    
    if (counter == length/2) {
        isPalidrome = 1;
    }
    
    return isPalidrome;
}",What is the purpose of the variable 'opposite' in the IsPalindrome function?,It tracks the index of the character from the end of the word to compare with the character from the start in each iteration.,"If the input to IsPalindrome is the string ""racecar"", how many times will the if condition inside the for loop be true?","The if condition will be true 3 times, once for each pair of matching characters from the start and end of the string moving inward.",What specific change would you make to eliminate the bug in the variable name 'isPalidrome' so that it reflects its intended purpose and follows good coding style?,The variable should be renamed from 'isPalidrome' to 'isPalindrome' for correct spelling and clarity.
28,"#define _CRT_SECURE_NO_WARNINGS
#include <stdio.h>
#include <string.h>

int IsPalindrome(char *word)
{
	int length = strlen(word);
	char org[100];
	strcpy(org, word);
	
	
	for (int i = 0; i < (length/2); i++)
	
	{
		char temp = org[i];
		org[i] = org[length - 1 - i];
		org[length -1 - i] = temp;
				
	}
	
	int result = strcmp(org, word);
	
	if (result == 0) {
		return 1;
	} 
	else {
		return 0;
	}
		
	
	
}",What is the purpose of the line 'org[length - 1 - i] = temp;' in the context of the palindrome function?,"It places the character from the beginning of the string to its corresponding position at the end, effectively helping to reverse the original string.","When the for loop swaps characters in 'org', how many times will this loop run for an input word with 7 characters, and which characters are swapped in the first iteration?","The loop will run 3 times (since 7/2 is 3), and in the first iteration, the first and last characters of 'org' (positions 0 and 6) are swapped.",What specific change could you make to the IsPalindrome function to avoid unnecessary use of extra memory when checking if a word is a palindrome?,"We can eliminate the org array and simply compare characters from the start and end of the word directly, since there is no need to reverse the string or make a copy."
29,"int IsPalindrome(char *word)
{
    int length=strlen(word);
    for (int i=0; i<length/2; i++) {
        if (word[i]!=word[length-1-i]) {
            return 0;
        }
    }
    return 1;
}",What is the purpose of comparing word[i] with word[length - 1 - i] in this function?,"It checks if the character from the start of the word matches the corresponding character from the end, helping to determine if the word reads the same forwards and backwards.","For the input word ""deified"", how many times will the for-loop in IsPalindrome execute before the function returns a value?",The for-loop will execute 3 times before the function returns a value.,What change would you make to the IsPalindrome function so that it correctly handles empty strings as valid palindromes?,"I would add a check at the beginning of the function to return 1 if the input string is empty (that is, if length is 0), since an empty string should be considered a palindrome."
30,"int IsPalindrome(char *word)
{
 size_t length = strlen(word);
 int halfsize = length/2;
 
 
 for (int i = 0; i< halfsize; i++){
  if (word[i] != word[length -1 -i]) {
   return 0;
  }
}
return 1;
}",What is the purpose of comparing 'word[i]' and 'word[length - 1 - i]' in the for loop of this function?,"It checks if the characters at symmetric positions from the start and end of the string are the same, which determines whether the word is a palindrome.","When the input is the string ""level"", how many times does the for loop in IsPalindrome() execute, and why?","The for loop executes 2 times because halfsize is 2 (since length is 5 and 5/2 is 2), so i ranges from 0 to 1.",What change could you make to IsPalindrome so it correctly handles empty strings as palindromes according to the standard definition?,"Add a check at the start of the function that returns 1 if the input string's length is 0, since empty strings are typically considered palindromes."
31,"int IsPalindrome(char *word)
{
    int length = strlen(word);
    for (int i = 0; i < length/2; i++) {
        if (word[i] != word[length - i - 1]) {
            return 0;
        }
    }
    return 1;
    
}",What is the purpose of comparing 'word[i]' with 'word[length - i - 1]' in the for loop of this function?,"It checks if the character at position i from the start of the word matches the character at the same position from the end, helping determine if the word reads the same forwards and backwards.","If the input to IsPalindrome is the string ""racecar"", how many times will the loop body execute, and what index values of 'i' will be compared in each iteration?","The loop body will execute 3 times, comparing index pairs (0,6), (1,5), and (2,4).",What change would you make to the IsPalindrome function to allow it to correctly handle empty strings as palindromes?,"Add a check at the start of the function to return 1 immediately if the input string is empty, as an empty string is by definition a palindrome."
32,"int IsPalindrome(char *word)
{
    int i;
    int length = strlen(word);
            if(length == 1)
            {
            return 1;
            }

    for(i=0; i < length/2; i++)
    {
        if (word[i] != word[length - 1 - i])
        {
            return 0;
        }

    }
    return 1;
}",What is the purpose of comparing 'word[i]' with 'word[length - 1 - i]' in the for loop?,"It checks whether the character from the start of the word matches the corresponding character from the end, which is necessary to determine if the word reads the same forwards and backwards.","If the input to IsPalindrome is the string ""madam"", explain how the comparison inside the 'for' loop (word[i] != word[length - 1 - i]) is evaluated for each iteration.","For each i from 0 to 1, word[i] is compared to word[length-1-i]: for i = 0, 'm' (word[0]) is compared to 'm' (word[4]); for i = 1, 'a' (word[1]) is compared to 'a' (word[3]); both pairs match, so the loop completes without returning 0.","What change would you suggest to make the IsPalindrome function more memory efficient, based on how it currently handles the input string?","Avoid calling strlen(word) repeatedly by using the stored value in the 'length' variable, which the code already does, so no further memory improvement is strictly needed."
33,"int IsPalindrome(char *word)
{
	
	int length = strlen(word);
	int i;
	
	for(i=0 ; i<length/2 ; i++){
		
		if(word[i] != word[length-i-1]){
			return 0;
		}
	
	}
	
	return 1;

}",What is the purpose of comparing 'word[i]' to 'word[length-i-1]' inside the for loop in the IsPalindrome function?,"It checks whether the character from the start of the string matches the corresponding character from the end, ensuring the word reads the same forwards and backwards.","Given the for loop condition 'i < length/2', how many times will the comparison in the if statement execute for a string with 7 characters?","It will execute 3 times, since the loop runs from i = 0 up to i = 2 (as 7 divided by 2 is 3 with integer division in C).",What modification would you suggest to the IsPalindrome function so that it ignores spaces in the input string when checking for palindromes?,I would modify the function to skip spaces by advancing the left and right indices past any space characters before comparing letters.
34,"int IsPalindrome(char str[]) {
	int left = 0;
	int right = strlen(str) - 1;

	while (left < right) {
		if (str[left] != str[right]) {
			return 0;
		}

		left++;
		right--;
	}

	return 1;
}",What is the purpose of the condition 'str[left] != str[right]' in this function?,"It checks whether the characters at the left and right ends of the string are different, which would mean the string is not a palindrome.","Given the while loop condition 'left < right' in this code, how many character comparisons will be performed when the input string is 'racecar'?","There will be 3 character comparisons, since the loop runs while left is less than right, i.e., for left/right pairs (0/6), (1/5), and (2/4) in a 7-character string.",What change would you make to the IsPalindrome function to allow it to correctly handle strings that include spaces or punctuation when checking for palindromes?,"I would modify the function so that it skips over non-alphanumeric characters when comparing, ensuring only letters and numbers are considered in the palindrome check."
35,"int IsPalindrome(char *word)
{
    int length = strlen(word);

    char reverse[100];
    for (int i = 0; i < length; i++) {
        reverse[length-i-1] = word[i];
    }
    reverse[length] = '\0';

    if (strcmp(reverse, word) == 0) {
        return 1;
    }
    return 0;
}",What is the purpose of using 'reverse[length-i-1] = word[i];' in this code?,It copies each character from the original word into the reverse array so that the order of characters is reversed.,"If the input to IsPalindrome is the string ""racecar"", what will be stored in the array 'reverse' immediately after the for loop completes?","The array 'reverse' will contain the characters ""racecar"" in reverse order, so it will be 'r', 'a', 'c', 'e', 'c', 'a', 'r' at indexes 0 through 6, followed by a null terminator at index 7.",What change would you suggest to the function to handle input strings longer than 99 characters without risking memory issues?,I would suggest dynamically allocating memory for the 'reverse' array based on the input string's length instead of using a fixed-size array.
36,"int IsPalindrome(char *word)
{   int wordLength = strlen(word);
    for (int i = wordLength -1; i >= 0; i--)
    {
        if (word[i]  !=  word[wordLength - 1 - i])
        {
            return 0;
        }
    }
    return 1;
    
}",What is the purpose of 'wordLength - 1 - i' in the condition inside the for loop?,"It accesses the character in the string from the end, allowing comparison between characters from the beginning and end to check for symmetry.","According to this code, how many times will the for-loop execute when the input word is ""noon""?","The for-loop will execute 4 times, once for each character in the word since i starts at 3 and decrements to 0.",What change would you suggest to make this function more runtime efficient when checking if a word is a palindrome?,"The loop should compare only up to half of the word's length instead of the entire word, as comparing beyond the midpoint is redundant."
37,"int IsPalindrome(char *word)
{
    int length = strlen(word);
    for (int i=0; i < length/2; i++){
        if (word[i] != word[length-i-1])
        {
            return 0;
        }
    }
    return 1;
}",What is the purpose of comparing word[i] with word[length-i-1] inside the loop in this function?,"It checks if each character from the start of the string matches its corresponding character from the end, which is how the function determines if the word is a palindrome.","If the input word to IsPalindrome is ""level"", how many times will the for loop execute before the function returns or completes?","The for loop will execute 2 times for the input ""level"" because length is 5, so the loop runs while i < 2 (i = 0 and i = 1).",What change would you suggest to the function so that it treats capital and lowercase letters as equal when checking for palindromes?,"The function should compare characters in a way that ignores case, such as by converting both characters to the same case (using tolower() or toupper()) before comparison."
38,"int IsPalindrome(char *word) {
    int length = strlen(word);

    for (int i = 0; i < length; i++) {
        if (word[i] != word[(length-1) - i]) {
            return 0;
        }
    }

    return 1;
}",What is the purpose of using 'word[(length-1) - i]' as an index in the condition inside the for loop?,"It accesses the character in the string that is the same distance from the end as 'i' is from the beginning, allowing comparison of characters from both ends toward the center to check for a palindrome.","For the input word 'level', how many times will the for loop in IsPalindrome execute, and why?","The for loop will execute 5 times because 'length' is 5, and the loop runs from i = 0 to i < 5.",What change would you suggest to make the IsPalindrome function more runtime efficient for checking if a word is a palindrome?,"Change the loop condition to run only up to length / 2, since comparing each character with its mirror beyond the midpoint is unnecessary."
39,"int IsPalindrome(char *word)
{
    int len = strlen(word);
    
    for (int i = 0; i<len/2; i++){

        if(word[i] != word[len-1-i]){

            return 0;
        }

    }
    return 1;
}",What is the purpose of comparing 'word[i]' and 'word[len-1-i]' inside the loop in this function?,It checks if the character from the start matches the corresponding character from the end to determine if the word reads the same forwards and backwards.,"When IsPalindrome(""deed"") is called, how many times does the loop in this function iterate before a return statement is reached, and why?","The loop iterates twice because it runs from i = 0 up to i < 2 (since len is 4), comparing the characters at matched positions until the middle is reached or a mismatch is found.","What change would you suggest to the IsPalindrome function to allow it to treat capital and lower case letters as equal, so that inputs like 'Noon' are correctly identified as palindromes?","Convert both characters being compared to the same case (for example, using tolower or toupper) before checking if they are equal inside the loop."
40,"int IsPalindrome(char* word)
{
	char temp[100];
	int len = strlen(word);
	for (int i = 0; i < len; i++) {
		temp[i] = word[len - 1 - i];
	}
	temp[len] = '\0';
	return (strcmp(temp, word) == 0);

}",What is the purpose of using 'word[len - 1 - i]' as the index in the for loop inside the IsPalindrome function?,"It accesses each character from the end of the input word moving backwards, which allows the code to reverse the word into the temp array.","After the for loop ends, what will the contents of 'temp' be if the input 'word' is ""level""?","'temp' will contain the string ""level"" because the loop copies the characters from 'word' in reverse order into 'temp'.","What change could you make to the IsPalindrome function to avoid using extra memory for the temp array, thereby improving memory efficiency?","We can compare characters from the start and end of the original string directly without creating a temp array, returning 0 upon mismatch and 1 if all pairs match."
41,"#include <stdio.h>
#include <string.h>

int IsPalindrome(char *word) {
    int L = strlen(word);
    
    for  (int i = 0; i<L/2; i++) {
        if (word[i] != word[L -1 -i]) {
            return 0;
        }
    }
    
    return 1;
}",What is the purpose of using 'word[L - 1 - i]' as an index in the comparison inside the for loop?,"It accesses the character in the word that is the same distance from the end as 'i' is from the beginning, allowing the function to compare characters from both ends towards the center.","If the input string to IsPalindrome is 'level', how many times will the loop (for (int i = 0; i<L/2; i++)) execute?","The loop will execute 2 times, since the length of 'level' is 5 and 5 divided by 2 is 2 (integer division).","What single change would you make to the IsPalindrome function to allow it to handle input strings that may include spaces and punctuation as palindromes, not just simple words?",Add logic to ignore non-alphanumeric characters and compare only the lowercase letters and digits when checking for palindrome.
42,"int IsPalindrome(char *word)
{
    size_t finalnum = strlen(word);
    int end = finalnum;
    for (int i = 0; i < finalnum; i++) {
        if (word[i] != word[end-1-i]) {
            return 0;
        }
    }
    return 1;
}",What is the purpose of using 'word[end-1-i]' when comparing it with 'word[i]' in the for loop?,"It accesses the character in the string from the end towards the beginning, allowing comparison of characters from both ends to check if the word is a palindrome.","If the input word is ""abba"", how many times will the 'if (word[i] != word[end-1-i])' condition in the for loop be checked, and why?","The condition will be checked 4 times, once for each character in the string, because the loop runs from i = 0 up to i < finalnum, where finalnum is the length of the word.",What modification would you suggest to the for loop's stopping condition to improve the code's efficiency for checking palindromes?,"Change the loop to run only until i < finalnum / 2, since comparing beyond the halfway point is unnecessary."
43,"int IsPalindrome(char *word)
{
   

   for (int i = 0; i<strlen(word); i++){
    if (word[i] != word[strlen(word)-1-i]){
        return 0;
    }
   }
   return 1;

}",What is the purpose of using 'strlen(word)-1-i' as the index in the comparison inside the for loop?,"It accesses the character from the end of the word that corresponds to the current character from the start, allowing for comparison of matching pairs to check if the word is a palindrome.","According to operator precedence and how the for-loop is structured, how many times will the loop body execute for a word with length n?","The loop will execute n times because it starts at i = 0 and continues while i < strlen(word); however, this causes redundant checks and may lead to incorrect comparison for odd-length words.",What change could you make to improve the runtime efficiency of the IsPalindrome function with respect to the use of strlen in the loop condition and index calculations?,"Store the result of strlen(word) in a variable before the loop so that it is computed only once, rather than recalculating it in every iteration."
44,"int IsPalindrome(char *word)
{
    int length = strlen(word);
    for (int i=0; i<length; i++) {
        if (word[i]!= word[length-i-1]) {
            return 0;
        }
    }
    return 1;
}",What is the purpose of 'word[length-i-1]' in the condition inside the if statement?,"It accesses the character in 'word' that is symmetric to 'word[i]' from the other end of the string, allowing comparison of matching positions from both ends.","For the input string ""level"", how many times will the for-loop in IsPalindrome execute and what values will 'i' take during these iterations?","The for-loop will execute 5 times, with 'i' taking the values 0, 1, 2, 3, and 4.",How would you modify the for-loop condition to improve the efficiency of the IsPalindrome function so that it only checks the minimum necessary comparisons?,"Change the loop condition to 'i < length / 2' so that it only compares characters from the start and end up to the middle, avoiding unnecessary duplicate checks."
45,"int IsPalindrome(char *word)
{
    int i;
    int length = strlen(word);
    
    for (i = 0; i < length/2; i++) {
        if (word[i] != word[length - 1 - i]) {
            return 0;
        }
    }
    return 1;
}",What is the purpose of using 'length - 1 - i' as an index when comparing characters in the for loop?,"It accesses the character from the end of the string that corresponds to the character at position i from the start, enabling comparisons between mirrored characters in the word.","If the input to IsPalindrome is the string ""level"", how many times will the for loop body execute, and why?","The for loop body will execute 2 times, because length is 5, so i goes from 0 to 1 (as the loop continues while i < 2).","What change would you make to this function so that it could handle case-insensitive palindromes (e.g., 'Noon' and 'noon' would both be detected as palindromes)?","I would convert both characters to the same case (for example, using tolower() for each character comparison) inside the loop before comparing them."
46,"int IsPalindrome(char* word)
{
	int length = strlen(word)-1;

	for (int i = 0; i <= length / 2; i++) {

		if (word[i] != word[length - i]) {

			return 0;
		}
	}

	return 1;

}",What is the purpose of comparing 'word[i]' with 'word[length - i]' in the for loop?,"It checks if the character from the front of the string matches the corresponding character from the end, which is necessary to determine if the word is a palindrome.",How does the condition 'if (word[i] != word[length - i])' inside the loop ensure the function applies correct logic to check for a palindrome?,"It compares characters from the start and end of the string moving towards the center, and if any pair doesn't match, it applies the rule that the word is not a palindrome by returning 0.",What change would you suggest to fix the bug that occurs when checking single-character or empty strings in this code?,"I would remove the '-1' from 'int length = strlen(word)-1;' and instead use 'strlen(word)' directly, adjusting the comparison in the loop to 'word[i] != word[strlen(word) - 1 - i]' so boundary cases are handled correctly."
47,"int IsPalindrome(char *word)
{
   int length;
	for (int i = 0; word[i] != '\0'; i++) {
		length = i;
	   }
	   if (length%2 == 0) {
		   for (int i = 0; i <= length/2; i++) {
			   if (word[i] != word[length - i]) {
				   return 0;
			   }
		   }
		return 1;	   
   }
				   
		else {
			for (int i = 0; i <= (length-1)/2; i++) {
			   if (word[i] != word[length - i]) {
				   return 0;
			   }		
			}
		return 1; 
		    
	}
}",What is the purpose of the condition 'word[i] != word[length - i]' inside the loop?,"It checks whether the character at position i from the start of the word is the same as the character at the corresponding position from the end, which helps determine if the word is a palindrome.","If the input word is 'level', what will be the value of 'length' after the first for loop finishes, and why?","The value of 'length' will be 4, because the loop assigns 'i' to 'length' each time until it stops at the index of the last character, which is 4 for 'level'.","What change would you suggest to use the strlen() function instead of manually calculating the length, and why is this beneficial for code efficiency or clarity?","I would replace the manual for-loop that determines 'length' with 'int length = strlen(word) - 1;'; this is clearer, less error-prone, and avoids unnecessary iteration since strlen() is intended for this purpose."
48,"int IsPalindrome(char *word)
{
	int length=(int)strlen(word);
	int i;
	for (i=0;i<(length/2);i++){
		if (word[i]!=word[length-1-i]){
			return 0;
		}
	}
	return 1;
}",What is the purpose of comparing 'word[i]' with 'word[length - 1 - i]' inside the loop in this function?,"It checks whether the character at position i from the start matches the character at the same position from the end, ensuring the word reads the same forwards and backwards.","If the input word is 'deed', how many times does the for loop in IsPalindrome execute, and what index values does 'i' take during these iterations?","The for loop executes 2 times, with 'i' taking values 0 and 1.","What change would you make to the IsPalindrome function to handle strings containing spaces, so that phrases like 'nurses run' are recognized as palindromes?","I would modify the function to skip over spaces when comparing characters, so it ignores spaces while checking if the string is a palindrome."
49,"int IsPalindrome(char *word) {
    int left = 0;
    int right = strlen(word) - 1;

    while (left < right) {
        if (word[left] != word[right]) {
            return 0;  // not a palindrome
        }
        left++;
        right--;
    }

    return 1;  // is a palindrome
}",What is the purpose of the 'while (left < right)' condition in this function?,It ensures that the characters are compared from the outer ends toward the middle without repeating or missing any comparisons.,"According to the code, how do the variables 'left' and 'right' change each time the loop runs, and what effect does this have on which characters are compared?","With each iteration, 'left' increases by one and 'right' decreases by one, causing the function to compare characters that are symmetrically opposite from each end toward the center.","What change would you make to the IsPalindrome function to allow it to correctly handle input strings that contain uppercase letters as well as lowercase letters, still treating palindromes as case-insensitive?","I would modify the comparison to convert both word[left] and word[right] to the same case using a function like tolower() or toupper() before comparing, ensuring the function works case-insensitively."
50,"int IsPalindrome(char *word)
{
    int left = 0;
    int right = strlen(word) - 1;

    while (left < right) {
        if (word[left] != word[right]) {
            return 0;
        }
        left++;
        right--;
    }
    return 1;
}",What is the purpose of 'right = strlen(word) - 1;' in the IsPalindrome function?,"It sets 'right' to the index of the last character in the word, which allows the function to compare characters from the end of the string moving towards the start.","If the input to IsPalindrome is the string ""level"", how many times will the while loop execute before the function returns?",The while loop will execute 2 times before the function returns.,"What change would you make to the function so that it correctly identifies strings with spaces, such as 'nurses run', as palindromes?",I would modify the function to skip comparing space characters so that it only checks alphabetical characters when determining if the string is a palindrome.
51,"int IsPalindrome(char* word)
{
	int i = 0;
	int length = strlen(word);
	

	if (word[i] != word[length-1]) {
		return 0;
	}
	else if (word[i+1] != word[length-2]) {
		return 0;
	}
	else {
		return 1;
	}
}",What is the purpose of using 'word[i] != word[length-1]' in the first if statement inside IsPalindrome()?,It checks whether the first character of the input word is different from the last character to help determine if the word could be a palindrome.,"If the input word is 'aba', what value will the variable 'length' have after the line 'int length = strlen(word);' executes, and how does this affect the index values used in the following comparisons?","The variable 'length' will be 3 for the word 'aba', so 'word[length-1]' refers to the character at index 2, which is the last character, and the code compares the first and last characters directly using these index values.",What specific change would you make to the function to correctly check for palindromes with more than three letters?,I would replace the current if-else checks with a loop that compares characters at i and length-1-i for all positions from the start up to the middle of the word.
52,"#include <stdio.h>
#include <string.h>

int IsPalindrome(char *word)
{
	int start = 0;
	int end = strlen(word) - 1;

	while (start < end) {
		if (word[start] != word[end]) {
			return 0;
		}
		start++;
		end--;
	}
	return 1;
}",What is the purpose of decrementing the 'end' variable in the while loop of the IsPalindrome function?,"Decrementing 'end' moves the index from the end of the word towards the center, so each character can be compared to its corresponding character from the start.","If the input string to IsPalindrome is ""racecar"", how many times will the while loop execute before the function returns?",The while loop will execute 3 times before the start and end indices meet or cross.,How would you modify the IsPalindrome function so it correctly handles input strings that contain spaces and ignores them when checking for a palindrome?,"You should skip spaces by incrementing start or decrementing end when word[start] or word[end] is a space, so that spaces are not considered in the comparison."
53,"#include <stdbool.h>

int IsPalindrome(char *word)
{
    int stringLength = strlen(word);
    bool flag = true;
    int i = 0;
    while (flag && i < stringLength / 2) {
        if (word[i] != word[stringLength - 1 - i]) {
            flag = false;
        }
        i++;
    }
    
    if (flag) {
        return 1;
    }
    else {
        return 0;
    }
}",What is the purpose of the condition 'word[i] != word[stringLength - 1 - i]' in the while loop of this function?,"It checks if the characters at matching positions from the start and end of the string are different, which would mean the word is not a palindrome.","If the input to IsPalindrome is the string ""deed"", what value will 'i' have immediately after the while loop finishes executing?",The value of 'i' will be 2 after the loop is done executing.,What change would you suggest to improve the efficiency of the IsPalindrome function by removing the unnecessary use of the 'flag' variable while still correctly detecting palindromes?,"I would remove the 'flag' variable and instead return 0 immediately upon finding a mismatch in the while loop; if the loop completes, I would return 1, making the function both simpler and more efficient."
54,"int IsPalindrome(char *word)
{
    int length = strlen(word);
    for (int i = 0; i < length; i++) {
        if (word[i] != word[length - 1 - i]) {
            return 0;
        }
    }
    return 1;
}",What is the purpose of comparing 'word[i]' with 'word[length - 1 - i]' inside the loop?,"It checks whether the character at position i from the start is the same as the character at the same position from the end, which is necessary to determine if the word is a palindrome.","Given the for loop condition 'i < length', how many times will the loop execute when the input to the function is a 5-character word, and why?","The loop will execute 5 times because 'i' starts at 0 and goes up to 4, incrementing by 1 each time until it reaches the value equal to 'length' (which is 5), so it checks every pair of characters.",What change would you suggest to improve the efficiency of the loop in this function without altering its intended behavior?,"Restrict the loop to run only until i < length / 2, since comparing each pair once is sufficient to check for a palindrome."
55,"int IsPalindrome(char* word)
{
	int len = strlen(word);
	for (int i = 0; i < len/2; i++) {
		if (word[i] != word[len-i-1]) {
			return(0);
		}
	}
	return(1);
}",What is the purpose of comparing 'word[i]' with 'word[len-i-1]' in this function?,"It checks if the character from the beginning matches the corresponding character from the end, helping to determine if the word reads the same forwards and backwards.","For the input word ""level"", how many times will the for-loop in the IsPalindrome function execute, and what is the final value of i after the loop completes?","The for-loop will execute 2 times, and after the loop completes, the final value of i will be 2.",How could you modify the IsPalindrome function to efficiently handle strings with mixed uppercase and lowercase letters so that 'Noon' returns true?,Add code inside the loop to convert both word[i] and word[len-i-1] to the same case (either by using tolower() or toupper() from <ctype.h>) before comparing them.
56,"int IsPalindrome(char* word) {
	int count;
	count = 2;
	if (word[strlen(word)-1] != word[0]) {
		return 0; // check if last letter = first letter
	}
	for (int i = 1; i < strlen(word); i++) {
		if (word[i] != word[strlen(word) - count]) {
			return 0;
		}
		count++;
	}
	return 1;

}",What is the purpose of the expression 'word[i] != word[strlen(word) - count]' in the for loop?,It compares the character at position i from the start of the word to the corresponding character from the end to check if they are equal.,"If the input to IsPalindrome is the string ""deffed"", what value will the variable 'count' have when the for loop finishes its last iteration?","When the for loop finishes its last iteration with the input ""deffed"", the variable 'count' will have the value 7.",What change would you suggest to make the palindrome check more runtime efficient with respect to repeated calls to strlen(word) inside the loop?,Store the result of strlen(word) in a variable before the loop and use it inside the loop instead of calling strlen(word) multiple times.
57,"int IsPalindrome(char *word)
{
    int strlength = strlen(word);
    for(int i=0; i<=strlength;i++){
        if (word[i] != word[strlength-i-1]){
            return 0;
        }
    }
    return 1;
}",What is the purpose of using 'strlength-i-1' as an index in the comparison inside the if statement?,"It is used to compare the character from the end of the string that corresponds to the character from the start, helping check if the word reads the same forwards and backwards.","For the input ""abcba"", how many times will the loop in the IsPalindrome function execute before it stops?","The loop will execute 6 times, from i = 0 up to and including i = 5.",What specific change would you make to the loop condition to ensure the function does not access memory outside the bounds of the string while checking for a palindrome?,The loop condition should be 'i < strlength / 2' instead of 'i <= strlength' to avoid accessing characters beyond the end of the string and to check only up to the middle of the word.
58,"int IsPalindrome(char *word)
{
    int length = 0;
    while (word[length] != '\0')
        length++;

    int a = 0; // start of char array
    int b = length - 1; // length of char array

    while (a < b) {
        if (word[a] != word[b]) 
            return 0;
        a++;
        b--;
        }
            return 1;
    }",What is the purpose of the 'while (word[length] != '\0') length++;' loop at the start of the function?,It calculates the number of characters in the input string by incrementing the length variable until it reaches the null terminator.,"If the input to IsPalindrome is the string ""level"", what values do the variables 'a' and 'b' have immediately before the function returns 1?","Immediately before returning 1, 'a' is 2 and 'b' is 2.","What change could you make to use the provided strlen() function instead of manually calculating the string's length, and how would this improve your code?","You could replace the manual length calculation loop with 'int length = strlen(word);', which makes the code more readable and concise by using a standard library function."
59,"int IsPalindrome(char *word)
{
    int left = 0;
    int right = strlen(word) -1;

    while(left < right)
    {
        if(word[left] != word[right])
        {
            return 0;
        }
        left++;
        right--;
    }
    return 1;
}",What is the purpose of the condition 'word[left] != word[right]' in this function?,"It checks whether the characters at the corresponding positions from the start and end of the word are different, which indicates the word is not a palindrome.","If the input to IsPalindrome is the string ""level"", at what value of 'left' and 'right' does the while loop terminate?",The while loop terminates when 'left' is 2 and 'right' is 2.,How would you modify the IsPalindrome function to ignore spaces when determining if a string is a palindrome?,"I would update the function to skip any space characters by incrementing left or decrementing right when word[left] or word[right] is a space, before comparing the characters."
60,"int IsPalindrome(char *word)
{
    int length= strlen(word);
    for (int i=0; i<length/2; i++){
        if(word[i] != word[length-i-1]){
            return 0;
        }
    }
    return 1;
}",What is the purpose of comparing word[i] with word[length-i-1] in the for loop?,"It checks if the character at position i from the start of the word matches the character at the same position from the end, which is necessary to determine if the word is a palindrome.","According to operator precedence, what value does 'length-i-1' compute in the comparison 'word[i] != word[length-i-1]' inside the for loop?",'length-i-1' calculates the index of the character from the end of the string that corresponds to the current index i from the start.,"What change would you make to the IsPalindrome function to allow it to correctly identify palindromes in strings that contain both uppercase and lowercase letters (i.e., make it case-insensitive)?","I would convert both word[i] and word[length-i-1] to the same case (either lower or upper) before comparing them, using a function like tolower() or toupper() for each character."
61,"int IsPalindrome(char *word)
{
    int left = 0;
    int right = strlen(word) - 1;

    while (left < right) 
    {
        if (word[left] != word[right]) 
        {
            return 0;
        }
        left++;
        right--;
    }
    return 1;
}",What is the purpose of the variables 'left' and 'right' in the IsPalindrome function?,"They are used as indices to compare characters from the beginning and end of the word, moving towards the center to check for mismatches.","If the input to IsPalindrome is the string ""level"", what are the initial values of 'left' and 'right', and how many times will the 'while' loop execute?",The initial value of 'left' is 0 and 'right' is 4; the 'while' loop will execute 2 times.,What change would you suggest to the IsPalindrome function to support checking for palindromes in strings that might include uppercase letters as well as lowercase letters?,"I would suggest modifying the character comparison so it ignores case, such as by converting both word[left] and word[right] to the same case (for example, using tolower()), before comparing them."
62,"int IsPalindrome(char *word)
{
    	int left = 0;
	int right = 0;
	while (word[right] != '\0') {
		right++;
	}
	right--; 
	while (left < right) {
		if (word[left] != word[right]) {
			return 0; 
		}
		left++;
		right--;
	}
	return 1; 
}",What is the purpose of 'right--;' immediately after the first while loop in this function?,"It sets the 'right' index to the position of the last character in the word, since the previous loop left 'right' one past the end of the string.","After the first while loop completes, what value does the variable 'right' hold for any given input string, and why is it decremented afterwards?",'right' holds the index of the last character in the string (not the null terminator) because it is incremented past the end and then decremented to point to the correct last character.,What modification would you suggest to improve the runtime efficiency of this function based on the fact that the strlen() function is available?,Replace the initial while loop for finding the string length with 'right = strlen(word) - 1;' to make the code more efficient and readable.
63,"int IsPalindrome(char *word)
{
    int len = strlen(word);
	
	for (int i = 0; i <= len/2; i++) {
		if (word[i] != word[len - 1 - i]){
			return 0;
		}
	}
	return 1;
}",What is the purpose of checking 'word[i] != word[len - 1 - i]' inside the for loop in this function?,It compares each character from the start of the word with the corresponding character from the end to determine if the word reads the same forwards and backwards.,"According to the for loop condition 'i <= len/2', how many times will the loop execute for a word with 7 characters, and which character positions will be compared?","The loop will execute 4 times (for i = 0 to 3), comparing positions 0 with 6, 1 with 5, 2 with 4, and 3 with 3.",What change would you make to fix any logical errors in the for-loop condition so that IsPalindrome works correctly for all input strings?,"Change the loop condition from 'i <= len/2' to 'i < len/2' to avoid comparing the middle character with itself in odd-length words, which is unnecessary."
64,"int IsPalindrome(char *word)
{
    int left= 0;
    int right = strlen(word) - 1;
}",What is the purpose of the variable 'right = strlen(word) - 1' in this function?,"It sets 'right' to the index of the last character in the string, allowing comparison from the end of the word.","After the line 'int right = strlen(word) - 1;', what value does 'right' hold if the input is the string ""racecar""?","'right' will hold the value 6, which is the index of the last character in the string ""racecar"".",What change would you suggest to improve this function so that it actually determines if 'word' is a palindrome as described in the problem statement?,"I would add a loop to compare characters at positions 'left' and 'right', moving them towards the center; if any pair differs, return 0, otherwise return 1 after checking all pairs."
65,"int IsPalindrome(char *word)
{
    int length = strlen(word);
    int palindrome = 1;
        for (int i = 0; i < (length / 2); i++) {
            if (word[i] != word[length -1 -i]) {
                palindrome = 0;
                break;
            }
        }
        if (palindrome == 1) {
            return 1;
        }
        else {
            return 0;
    }
    
}",What is the purpose of using 'length - 1 - i' as an index in the condition 'word[i] != word[length - 1 - i]' within the for loop?,"It accesses the character from the end of the word that corresponds to the character word[i] from the start, allowing comparison of characters from both ends toward the center.","If the input to IsPalindrome is the string ""racecar"", how many times will the for loop execute?","The for loop will execute 3 times because it iterates from i = 0 to i < 3 (since length is 7, so length/2 is 3).",What change could you make to the function to allow it to correctly handle strings with spaces and still determine if they form a palindrome?,"You could modify the code to skip spaces when comparing characters from the start and end of the string, ensuring only non-space characters are compared."
66,"int IsPalindrome(char *word)
{
    int length = strlen(word);
    int check = 1;
    for (int i = 0; i < length / 2; i++) {
	    if (!(word[i] == word[length - 1 - i])) {
		check = 0;
        }
    }
    return check;
    
}",What is the purpose of the condition 'word[i] == word[length - 1 - i]' in the for loop of the IsPalindrome function?,It checks if the character at position i from the start is the same as the character at the corresponding position from the end of the word.,"For the input ""radar"", how many times will the 'for' loop execute in the IsPalindrome function?","The loop will execute 2 times, corresponding to i = 0 and i = 1 (since length is 5, so i < 5 / 2, i.e., i < 2.5).","What change could you make to the loop that would allow the function to return false immediately when a mismatch is found, making the code more runtime efficient?","You could add a 'return 0;' statement inside the 'if' block so the function exits immediately upon finding a mismatch, eliminating the need to continue checking the rest of the string."
67,"int IsPalindrome(char *word)
{
    int length = strlen(word);

    int left = 0;
    int right = length - 1;

    while (left < right) {
        if (word[left] != word[right]) {
            return 0;
        }
        left++;
        right--;
    }
    return 1;
    
}",What is the purpose of the condition 'if (word[left] != word[right])' inside the while loop in this function?,"It checks if the characters at the current left and right indices are different, which would mean the word is not a palindrome.","When the input to IsPalindrome is the string ""level"", how many times will the while loop execute before the function returns?",The while loop will execute 2 times before the function returns.,"What single change could you make to the IsPalindrome function so it also treats empty strings as valid palindromes (i.e., returns 1 for them)?","Add a check at the start of the function to return 1 immediately if word[0] is the null character, indicating the empty string."
68,"int IsPalindrome(char *word)
{
    int length = strlen(word);
    int check = 1;
    int i = 0;
    while (i <= length/2) {
        if (word[i] != word[length - 1 - i]){
            check = 0;
            break;
        }
        i++;
    }
    return check;
}",What is the purpose of comparing 'word[i]' and 'word[length - 1 - i]' in the while loop of this function?,"It checks whether the characters at symmetrical positions from the start and end of the string are the same, which is necessary to determine if the word is a palindrome.","According to the loop condition 'i <= length/2', how many times will the while loop execute when the input word has an odd number of characters?","The loop will execute (length/2) + 1 times, because integer division is used and equality allows the loop to run once more past the halfway point.",What single change could you make to improve the efficiency of the while loop condition in this function?,"Change the loop condition from 'i <= length/2' to 'i < length/2' to avoid an unnecessary comparison when i equals length/2, as the middle character in a palindrome does not need to be compared with itself."
69,"int IsPalindrome(char *word) { 
	int length = strlen(word);
	for (int i = 0; i < length/2; i++) {
		if (word[i]!=word[length-1-i]) {
			return 0;
		}
	}
	return 1;
}",What is the purpose of using 'word[length-1-i]' as an index in the comparison inside the for loop?,"It accesses the character from the end of the word that corresponds to the character at position i from the start, enabling a comparison of mirrored characters in the string.","According to operator precedence and the given loop, how many iterations will the 'for' loop perform if the input word has 5 characters?","The loop will perform 2 iterations, since it runs while i is less than length divided by 2 (5/2), which is 2 when using integer division.","What change would you make to the function so that it correctly handles empty strings as palindromes, in addition to its current behavior?","Add a check at the beginning of the function to return 1 if the input string length is 0, since an empty string should also be considered a palindrome."
70,"#define CRT_SECURE_NO_WARNINGS
#include <string.h>

int IsPalindrome(char* word) {

	int i;
	int length = strlen(word);

for (i = 0; i < length / 2; i++) {
	if (word[i] != word[length - 1 - i]) {
		return 0;
	}
}
return 1;

}",What is the purpose of using 'length - 1 - i' as an index for the word array in the for loop?,It accesses the character at the mirrored position from the end of the string to compare it with the character from the start.,"Given the input string 'racecar', how many times does the for-loop in IsPalindrome execute and why?","The loop executes 3 times because it iterates from i = 0 up to i < 7 / 2, so for i = 0, 1, 2.","How could you modify the IsPalindrome function to handle input strings that contain spaces or punctuation, in order to return 1 for palindromes ignoring non-letter characters?","Add code to skip non-letter characters when comparing each pair of characters, such as by using checks like isalpha() from <ctype.h>, so that spaces and punctuation do not affect the palindrome check."
71,"int IsPalindrome(char *word)
{
    int i = 0;
    int j = strlen(word) - 1;
    while (i < j) {
        if (word[i] != word[j]) return 0;
        i++;
        j--;
    }
    return 1;
}",What is the purpose of the condition 'word[i] != word[j]' inside the if statement in this function?,It checks whether the characters at the current positions from the start (i) and end (j) of the string are different to determine if the string cannot be a palindrome.,"If you call IsPalindrome with the input 'racecar', how many iterations will the while loop execute before the function returns?",The while loop will execute 3 times before the function returns.,"What change would you suggest to make the IsPalindrome function correctly handle input strings that are empty, in accordance with general palindrome definitions?","I would add a condition to check if the string length is zero at the start of the function and return 1, since an empty string is conventionally considered a palindrome."
72,"int IsPalindrome(char *word)
{
 int length = strlen(word);
 int left =0;
 int right = length -1;
 while (left<right){
     if (word[left]==word[right]){
         left++;
         right--;
     } else {
         return 0;
     }
     }
     return 1;
 }",What is the purpose of the condition 'left < right' in the while loop in this code?,"It ensures that the characters are compared from both ends only until the middle is reached, checking each relevant pair exactly once.","If the input to IsPalindrome() is the string ""level"", how many times will the while loop execute?",The while loop will execute 2 times.,"How could you modify the IsPalindrome function to handle input strings that include spaces, so that phrases like 'nurses run' are treated as palindromes?","You would need to update the code to skip over spaces when comparing characters, advancing pointers left and right past any space characters before each comparison."
73,"int IsPalindrome(char *word)
{
int len = strlen(word);
    for (int i = 0; i < len / 2; i++) {
	if (word[i] != word[len - i - 1]){
	return false;
	}
	}
	return true;
	
}",What is the purpose of using 'word[len - i - 1]' as an index in this code?,"It accesses the character from the end of the string that corresponds to the current character from the start, allowing comparison of mirrored characters to check for a palindrome.","Given the way 'for (int i = 0; i < len / 2; i++)' is written, how many character comparisons are performed by the loop when the input word has 7 characters?",The loop will perform 3 comparisons because len / 2 with len equal to 7 gives 3 (since integer division is used).,What adjustment would you make to the IsPalindrome function so that it returns 1 for 'true' and 0 for 'false' as required in the problem statement?,Replace 'return false;' with 'return 0;' and 'return true;' with 'return 1;' so the function returns integers instead of boolean constants.
74,"int IsPalindrome(char *word)
{
    int length;
    int i;
    length = strlen(word);
    
    for(i = 0; i < length; i++)
    {
        if(word[i] != word[length - 1 - i])
        {
            return 0;
        }
    }
    return 1;
}",What is the purpose of using 'word[length - 1 - i]' as an index in the if statement of this function?,"It accesses the character in the word that is symmetrical to word[i] from the end, allowing comparison between letters from the start and end to check for palindrome symmetry.","Given the loop condition 'for(i = 0; i < length; i++)' in the IsPalindrome function, how many character comparisons will be performed for a string of length 6?","The loop will run 6 times, so there will be 6 character comparisons for a string of length 6.",What change would you make to the for-loop range to avoid redundant comparisons and make the IsPalindrome function more runtime efficient?,"The loop should run only until i < length / 2, since comparing past the middle repeats comparisons already made, improving runtime efficiency."
75,"int IsPalindrome(char *word)
{
    int left = 0;
    int right = strlen(word)-1;
    
    while(left < right){
        if(word[left] != word[right]){
            return 0;
        }
        left++;
        right--;
    }
    return 1;
}",What is the purpose of the condition 'left < right' in the while loop of this function?,"It ensures that the loop keeps comparing characters from the start and end of the string until the indices meet or cross, which is enough to check for a palindrome.","If the input string to IsPalindrome is ""racecar"", how many times does the while loop execute, and why?","The while loop executes 3 times because it compares characters at positions moving inward (left and right) until left is no longer less than right, which happens after (length of string) // 2 iterations.","What change would you make to the IsPalindrome function to handle empty strings as valid palindromes, in accordance with the definition of palindromes?","Add a condition at the start of the function that checks if the input string is empty, and if so, returns 1 since the empty string should be considered a palindrome."
76,"void ReverseString(char *str)
{
    int l = strlen(str);
    char newstr[l+1];
    int m = 0;
    for (int i = l-1; i >= 0; i--) {
        newstr[m] = str[i];
        m++;
    }
    newstr[m] = '\0';
    strcpy(str, newstr);
}

int IsPalindrome(char *word)
{
    char wordrev[100];
    strcpy(wordrev, word);
    ReverseString(wordrev);
    if (strcmp(word, wordrev) == 0) {
        return 1;
    } else {
        return 0;
    }
}",What is the purpose of calling ReverseString(wordrev) inside the IsPalindrome function?,It reverses the string stored in wordrev so that it can be compared with the original word to check if the input is a palindrome.,"After calling ReverseString(wordrev) inside IsPalindrome, what will the wordrev array contain if the input word is ""level""?","wordrev will contain the reversed string ""level"", so it will still be ""level"" because 'level' is the same forwards and backwards.","What should you change in the ReverseString function to avoid possible undefined behavior caused by declaring 'char newstr[l+1];', and why?","You should use dynamic memory allocation (e.g., malloc) or statically allocate a sufficiently large array for 'newstr' instead of using variable-length arrays, because variable-length arrays are not part of the C89 standard and may lead to undefined behavior or stack overflow for large strings."
77,"int IsPalindrome(char *word)
{
    int length = strlen(word);
    for (int i = 0; i < length / 2; i++)
    {
        if (word[i] != word[length - i - 1])
        {
            return 0;
        }
    }
    return 1;
}",What is the purpose of comparing word[i] with word[length - i - 1] in this function?,"It checks whether the character at the i-th position from the start matches the corresponding character from the end, helping determine if the string reads the same forwards and backwards.","For the input string ""deed"", how many times will the for-loop in the IsPalindrome function execute before the function returns a value?","The for-loop will execute two times before returning a value, since it checks pairs from the start and end of the string up to the middle (length / 2).",What modification would you make to the function so that it can correctly identify palindromes when the input word contains uppercase letters as well as lowercase letters?,"I would convert both characters being compared (word[i] and word[length - i - 1]) to the same case, such as by using tolower(), before comparing them."
78,"int IsPalindrome(char *word)
{
    int i = 0;
    int j = strlen(word) - 1;
    
    while (i < j) 
    {
        if (word[i] != word[j]) 
            return 0;
            
        i++;
        j--;
    }
    return 1;
}",What is the purpose of the condition 'word[i] != word[j]' inside the while loop in this function?,"It checks whether the characters at the current positions from the start and end of the word are different, which determines if the word is not a palindrome.","Given the code, what will be the value of 'i' and 'j' immediately after the while loop finishes for the input word ""racecar""?","For the input ""racecar"", after the while loop finishes, both 'i' and 'j' will be at index 3.",What modification would you make to IsPalindrome to allow it to correctly handle empty strings as valid input?,"Add a condition at the start of the function to check if word[0] is the null terminator, and if so, return 1 to indicate that an empty string is a palindrome."
79,"int IsPalindrome(char *word)
{
    int left = 0;
    int right = strlen(word) - 1;

    while (left < right) {
        if (word[left] != word[right]) {
            return 0;
        }
        left++;
        right--;
    }
    
    return 1;
}",What is the purpose of the condition 'word[left] != word[right]' in the IsPalindrome function?,It checks whether the characters at symmetric positions from the start and end of the string are different to determine if the word is not a palindrome.,"If the input to IsPalindrome is the string ""racecar"", after how many iterations will the while loop stop, and why?","The while loop will stop after 3 iterations because on each iteration left increases and right decreases, so when left reaches 3 and right becomes 3, left is no longer less than right.","What change would you suggest to make IsPalindrome handle mixed-case inputs correctly, such as recognizing 'Noon' or 'RaceCar' as palindromes?","I would suggest converting both characters to the same case (either lower or upper) before comparing them inside the if statement, so that the function treats 'N' and 'n' as equal."
80,"int IsPalindrome(char *word)
{
    int length;
    length = strlen(word);

    int i = 0;
    while (i < length/2) {
        if (word[i] != word[length - 1 - i]) {
            return 0;
        }
    i++;
    }
    return 1;
}",What is the purpose of the condition 'word[i] != word[length - 1 - i]' inside the while loop?,"It checks if the character from the start of the word is different from the corresponding character at the end, helping determine if the word is not a palindrome.","If the input to IsPalindrome is the string ""radar"", how many times will the 'while' loop execute, and why?","The 'while' loop will execute 2 times because it iterates while i is less than length divided by 2; for ""radar"" (length 5), it checks when i is 0 and 1.","Identify one important change you would make to improve the correctness or efficiency of the IsPalindrome function, and explain why it is necessary.","A return statement should be added immediately after finding that characters do not match, as currently the function does this correctly; however, to improve efficiency, the loop should stop and return 0 as soon as a mismatch is found to avoid unnecessary checks."
81,"int IsPalindrome(char *word)
{
    	
	int i = 0;
	int length = strlen(word);
	char temp[100];

	// making backwards word
	while (i < length) {
		temp[i] = word[length - i - 1]; 
		i++;
	}

	// comparing word with backwards word
	i = 0;
	while (i < length) {  
		if (temp[i] != word[i]) {
			return 0;
		}
		i++;
	}
	return 1;
}",What is the purpose of the expression 'word[length - i - 1]' inside the while loop that fills the temp array?,"It accesses the characters of the input word in reverse order, allowing temp to store a reversed version of word.","If the input to IsPalindrome is the string ""abba"", what value will temp[1] contain after the first while loop completes, and why?","After the first while loop, temp[1] will contain 'b' because it is assigned the value of word[length - 1 - 1], which is word[2], and word[2] in ""abba"" is 'b'.",What change could you make to improve the runtime efficiency of this function when checking if a word is a palindrome?,"Instead of creating a backwards copy of the string, compare the characters from the front and the back of the input string directly in a single loop, which avoids the need for the temporary array."
82,"int IsPalindrome(char *word)
{int len = strlen(word);
for (int i = 0; i < len/2; i++) {
	if (word[i] != word[len - 1 - i]) {
		return 0;
		
	}
}
return 1;
    
}",What is the purpose of comparing 'word[i]' with 'word[len - 1 - i]' in the for loop?,"It checks if the character from the start of the word matches the corresponding character from the end, which helps determine if the word is a palindrome.","For the input 'racecar', how many times does the loop in 'for (int i = 0; i < len/2; i++)' execute, and what value does 'len' hold within the IsPalindrome function?","The loop executes 3 times, since 'len' is 7 for 'racecar', and the loop runs while i < 3.",How could you modify this function to handle input strings that contain spaces and ignore them when checking for palindromes?,"You could skip over spaces when comparing characters by advancing the indices i and len - 1 - i past any spaces before comparison, ensuring only non-space characters are checked for the palindrome property."
83,"int IsPalindrome(char *word)
{
    int left = 0;
    int right = strlen(word) - 1;
    while (left < right) {
        if (word[left] != word[right]) {
            return 0;
        }
        left++;
        right--;
    }
    return 1;
}",What is the purpose of 'right = strlen(word) - 1' in the context of this function?,It sets 'right' to the index of the last character in the string so the function can compare characters from both ends toward the center.,"If the input to IsPalindrome is the string ""level"", what will be the values of 'left' and 'right' after the while loop finishes?","After the loop, 'left' will be 2 and 'right' will be 2.",What single modification would you make to the function so that it correctly handles empty strings as palindromes in addition to the current requirements?,"Modify the code to allow the input string to be empty by changing the assumption on input, ensuring strlen(word) can be zero, which the current loop already handles, so no code changes are needed for correctness—just support for an empty string input as a valid palindrome."
84,"int IsPalindrome(char *word)
{
    int left = 0;
    int right = strlen(word) - 1;
    
    while (left < right)
    {
        if (word[left] != word[right])
            return 0;
        left++;
        right--;
    }
    return 1;
}",What is the purpose of the condition 'word[left] != word[right]' inside the if statement?,It checks whether the characters at the corresponding positions from the start and end of the string are different to determine if the word is not a palindrome.,"If the input to IsPalindrome is the string ""level"", explain how the loop condition 'left < right' controls which pairs of characters are compared.","The loop continues as long as the left index is less than the right index, so each iteration compares the characters at word[left] and word[right] moving towards the center, ensuring every symmetric pair is checked once.",How would you modify this function to correctly handle input strings containing spaces or non-alphabetic characters when checking for palindromes?,"I would update the code to skip over spaces and non-alphabetic characters when comparing characters, so only letters are checked from each end."
85,"int IsPalindrome(char *string)
{
    int start = 0;
    int end = strlen(string) - 1;
    while (start < end)
    {
        if (string[start] == string[end])
        {
            start++;
            end--;
            continue;
        }
        else
        {
            return 0;
        }
    }
    return 1;
}",What is the purpose of 'end = strlen(string) - 1;' in the IsPalindrome function?,It sets the end variable to the index of the last character in the string so that comparisons can be made between characters from both ends of the string.,"Given the loop condition 'while (start < end)', if the function receives the input string ""abba"", what are the values of 'start' and 'end' at the moment the loop terminates?","'start' will be 2 and 'end' will be 1 when the loop terminates with the input ""abba"".","How can you modify this function to ensure it correctly identifies palindromes if the input string contains spaces or punctuation marks, in addition to lowercase letters?","To handle spaces or punctuation marks, modify the code to skip non-letter characters when comparing characters from both ends by checking if each character is a letter before comparing, and advancing the 'start' and 'end' indices accordingly."
86,"int IsPalindrome(char *word)
{
    int length = strlen(word);
	for (int i = 0 ; i < length ; i++) {
		if (word[i] == word[length-i-1]) {
		}
		else {
			return 0;
		}
	}
	return 1;
}",What is the purpose of using 'word[length-i-1]' as an index in the comparison inside the for loop?,"It accesses the character from the end of the word that corresponds to the character at position i from the start, enabling a comparison of symmetric characters to check for a palindrome.","According to operator precedence and how the indices are calculated, explain what characters are being compared in 'if (word[i] == word[length-i-1])' during each iteration.","The comparison checks if the character at position i from the start of the string is the same as the character at position i from the end of the string, effectively comparing word[i] with word[length-i-1] for each value of i.",What change would you make to the loop condition to improve the efficiency of palindrome checking in this function?,"The loop should run only until i < length/2 to avoid comparing the same character pairs twice, making the code more runtime efficient."
87,"int IsPalindrome(char *word)
{
    int i = 0;
    int j = strlen(word) - 1;

    while (i < j)
    {
        if (word[i] != word[j])
        {
            return 0;   
        }

        i = i + 1;
        j = j - 1;
    }

    return 1;   
}",What is the purpose of checking 'word[i] != word[j]' inside the while loop?,It checks whether the characters at symmetrical positions from the start and end of the string are the same to determine if the word is a palindrome.,"If the input to IsPalindrome is the string ""madam"", what will the comparison 'word[i] != word[j]' evaluate to during the first iteration of the while loop?",It will evaluate to false because word[0] ('m') is equal to word[4] ('m').,What modification would you suggest to allow IsPalindrome to properly handle empty strings as input?,"You should add a check at the beginning of the function to treat empty strings as palindromes, for example: if (word[0] == '\0') return 1;"
88,"int IsPalindrome(char *word)
{
    int wordstart = 0;
    int wordend = 0;
    while (word[wordend] != '\0') {
        wordend++;
    }
    wordend--;
    
    while (wordend >= wordstart) {
        if (word[wordstart] == ' ') {
            wordstart++;
        }
        if (word[wordend] == ' ') {
            wordend--;
        }
        if (word[wordstart] != word[wordend]) {
            return 0;
        }
        wordstart++;
        wordend--;
    }
    return 1;
}",What is the purpose of the statements 'if (word[wordstart] == ' ') { wordstart++; }' and 'if (word[wordend] == ' ') { wordend--; }' in this function?,They are intended to skip over any spaces at the beginning or end of the string while comparing characters for palindromic symmetry.,"When evaluating the condition 'if (word[wordstart] != word[wordend])', what will the function return if it is true, and how does this impact the behavior of the palindrome check loop?","If the condition is true, the function immediately returns 0, meaning it has found non-matching characters and concludes the string is not a palindrome, thus stopping further comparisons.",How would you modify the IsPalindrome function to avoid repeatedly comparing space characters by skipping all consecutive spaces before comparing the actual characters from the start and end?,"Add while loops before each comparison to increment wordstart and decrement wordend until they point to non-space characters, ensuring spaces are always ignored before comparing the characters."
89,"int IsPalindrome(char *word) {

    //find length (number of REAL characters)
    int truth = 0;
    int length = 0;
    
    while (word[length] != '\0') {
        length++;
    }

    if (length > 1){
        for (int i=0; i<length; i++) {
            if (word[i] != word[length - 1 - i]) {
                truth = 1;
            }
        }
    }   
    if (length == 1) {
        truth = 0;
    }

    if (truth == 1) {
        return 0;
    }
    else 
    {
        return 1;
    }

}",What is the purpose of using 'word[length - 1 - i]' as an index in the comparison inside the for loop?,"It accesses the character in the string that is symmetrically opposite to word[i], allowing comparison of characters from the front and back of the string to check for palindrome symmetry.","In the for loop, how many times will the comparison between word[i] and word[length - 1 - i] be performed for a word of length 6?","The comparison will be performed 6 times, once for each value of i from 0 to 5.",What modification would you suggest to improve the runtime efficiency of the for loop comparing characters in IsPalindrome()?,"Change the loop so that it runs only until i < length/2, since comparing past the middle is redundant; this avoids unnecessary comparisons."
90,"int IsPalindrome(char* word)
{
	int len = strlen(word);
	if (len == 1)
	{
		return 1;
	}
	for (int i = 0; i < len / 2; i++) 
	{
		if (word[i] != word[len - 1 - i])
		{
			return 0;
		}
	}
	return 1;
}",What is the purpose of comparing word[i] with word[len - 1 - i] in the for loop of this function?,"It checks if each character from the beginning of the string matches the corresponding character from the end, which is necessary to determine if the word is a palindrome.","If the input word is ""level"", how many times does the loop in the function execute, and why?","The loop executes 2 times because for a string of length 5, the loop runs from i = 0 to i < 2 (since 5/2 is 2), comparing characters at mirrored positions twice.","How would you modify the IsPalindrome function so it can correctly handle empty strings as palindromes, and why is this change necessary?","Add a check at the beginning of the function that returns 1 if word[0] is the null terminator, since an empty string should also be considered a palindrome according to common definitions."
91,"int IsPalindrome(char *word)
{
    int length = strlen(word);
    for (int i = length-1; i>=0; i--)
    {
        if (word[i] != word[length-i-1])
        {
            return 0;
        }
    }
    return 1;
}",What is the purpose of comparing 'word[i]' and 'word[length-i-1]' in the for loop?,"It checks whether the character from the front of the string matches the corresponding character from the end, which is necessary to determine if the word is a palindrome.","How many times will the for loop in IsPalindrome run when the input word is 'noon', and why?","The for loop will run 4 times, once for each index from 3 to 0, because it iterates from the last character to the first.","How would you modify the function so that it only compares corresponding pairs in the first half of the string, making it more efficient?","Change the for-loop to iterate from i = 0 up to i < length/2, so only the necessary character pairs are compared."
92,"int IsPalindrome(char *word)
{
    int length = strlen(word);
    int j = 0;
    for(int i = length - 1; i >= length/2; i--){
        if(word[j] != word[i]){
            return 0;
        }
        j++;
    }
    return 1;
}",What is the purpose of comparing 'word[j]' with 'word[i]' inside the loop in the IsPalindrome function?,"It checks if the character from the start of the word matches the corresponding character from the end, which is necessary to determine if the word reads the same forwards and backwards.","If the input to IsPalindrome is the string ""anna"", how many times will the loop iterate before the function returns a value?",The loop will iterate 2 times before the function returns a value.,What specific change would you make to this function to ensure it correctly handles palindromes of both odd and even lengths without any logical errors?,"I would change the for-loop to run as 'for(int i = length - 1; i > j; i--, j++)', comparing characters from both ends towards the center to correctly handle all palindrome cases."
93,"#include <stdio.h> 
#include <string.h> 

int IsPalindrome(char *word)
{
    int length = strlen(word); 
    char *first = word; 
    char *last = word + length -1; 

    while (first < last) 
    {
        
        if (*first != *last)
        {
            return 0; 
        }
        
        first++; 
        last = last -1; 
        
    }
    return 1; 
}",What is the purpose of the two pointer variables 'first' and 'last' in this function?,"They are used to compare characters from the beginning and end of the string, moving towards the center to check if the word reads the same forwards and backwards.","If the input to IsPalindrome is the string ""abba"", explain how the while loop's condition controls the number of character comparisons that occur.","The while loop continues as long as the pointer 'first' is before 'last', so for ""abba"", it causes exactly two character comparisons: first with last ('a' vs 'a'), then next with previous ('b' vs 'b'), stopping when 'first' is no longer less than 'last'.","What change would you make to the IsPalindrome function so that it correctly handles strings containing whitespace characters at the beginning or end, such as ' racecar '?",I would modify the function to ignore leading and trailing whitespace by advancing the 'first' pointer past spaces and decrementing 'last' past spaces before each comparison in the while loop.
94,"int IsPalindrome(char *word)
{
    int len = strlen(word);
    for (int i=0; i < strlen(word) / 2; i++) {
        if (word[i] != word[len - i - 1]) {
            return 0;
        }
    }
    return 1;
}",What is the purpose of comparing 'word[i]' and 'word[len - i - 1]' inside the loop in this function?,"It checks whether the characters at symmetric positions from the start and end of the string are the same, which helps determine if the word reads the same forwards and backwards.","If the input string is ""abba"", how many times will the for-loop body in IsPalindrome() execute before the function returns a value?","The for-loop body will execute 2 times before the function returns a value for the input ""abba"".",How would you modify the code to avoid calling strlen(word) repeatedly inside the for loop to improve its runtime efficiency?,Store the result of strlen(word) before the loop in a variable and use that variable in the loop condition instead of calling strlen(word) each time.
95,"#include <string.h>

int IsPalindrome(char *word)
{
    int length = (int)strlen(word);
    int palindrome = 1;

    for (int i = 0; i < (int)(length/2); i++){
        if (word[i] != word[length-i-1]){
            palindrome = 0;
        }
    }

    return  palindrome;

}",What is the purpose of comparing 'word[i]' and 'word[length-i-1]' in the for loop?,"It checks if the characters at symmetric positions from the start and end of the string are the same, which is necessary to determine if the word is a palindrome.","If the input to IsPalindrome is the string ""deed"", how many times will the loop execute and which character pairs will be compared due to the loop's condition and range?","The loop will execute 2 times, comparing the pairs ('d','d') and ('e','e').","What single change could you make inside the 'for' loop to make your function return immediately when a character mismatch is found, improving its runtime efficiency?","You could add a 'return 0;' statement right after 'palindrome = 0;' inside the 'if' block, so the function stops checking further characters as soon as a mismatch is detected."
96,"int IsPalindrome(char* word)
{
	int i = 0;
	int length = strlen(word);
	for (i = 0; i < length / 2; i++) {
		if (word[i] != word[length - 1 - i]) {
			return 0;
		}
	}
	return 1;
}",What is the purpose of using 'length - 1 - i' as an index when comparing characters in the for loop?,"It allows the function to access characters from the end of the string, enabling comparison between characters at symmetrical positions from the start and end to check for a palindrome.","If the input string to IsPalindrome is ""level"", how many times will the for loop execute and why?","The for loop will execute 2 times because for a string of length 5, the loop runs while i < length / 2, so i ranges from 0 to 1.",How would you modify the IsPalindrome function so that it ignores spaces when checking if a string is a palindrome?,You would need to skip over spaces in both the forward and backward traversal by adding logic that advances or retreats the indices i and length - 1 - i when a space is encountered.
97,"int IsPalindrome(char *word)
{
    int WordLength = strlen(word);
    int i = 0;
    int j = WordLength - 1;

    while (i < j) {
        if (word[i] != word[j]) {
            return 0;
        }
        i++;
        j--;
    }
    return 1;
}",What is the purpose of the condition 'word[i] != word[j]' inside the while loop?,It checks whether the characters at the corresponding positions from the start (i) and end (j) of the word are different to determine if the word is not a palindrome.,"If the input to IsPalindrome is the string ""racecar"", how many times will the while loop execute before the function returns?",The while loop will execute 3 times before the indices meet or cross.,"What change would you suggest to the current code so that IsPalindrome() treats uppercase and lowercase letters as equal, such that it also correctly identifies ""Noon"" as a palindrome?","I would suggest converting both word[i] and word[j] to the same case (for example, using tolower()) before comparing them, so that comparisons become case-insensitive."
98,"int IsPalindrome(char *word)
{
    {
        int left = 0;
        int right = strlen(word) - 1;

        while (left < right) {
            if (word[left] != word[right]) {
                return 0;
            }
            left++;
            right--;
        }
        return 1;
    }
}",What is the purpose of 'while (left < right)' in this function?,"It controls the loop to ensure that the function compares pairs of characters from the start and end of the string towards the middle, stopping once all necessary pairs have been checked.","Given the function, what will the value of 'left' and 'right' be during the very first comparison inside the while loop when calling IsPalindrome(""level"")?","For the input ""level"", 'left' will be 0 and 'right' will be 4 during the first comparison.","Suggest a change to the function so it can also handle empty strings as palindromes, and explain what you would modify.","I would add a check at the start of the function for empty strings, returning 1 immediately if the input word has zero length, because an empty string should be considered a palindrome."
99,"int IsPalindrome(char *word)
{
    int n=0,j=0;
	while (word[n]!='\0') {
		n++;
	}
	for (int i=0;i<n/2;i++) {
		if (word[i]==word[n-1-i]) {
			j++;
		}
	}
	if (j==n/2) {
		return 1;
	} else {
		return 0;
	}
}",What is the purpose of using 'word[n-1-i]' as an index in the for loop condition of this function?,"It accesses the character from the end of the word that corresponds to the current character from the start, allowing comparison of mirrored positions for palindrome checking.","Suppose the input to IsPalindrome is the string ""racecar"". After the first while loop finishes, what value will the variable n hold?","The variable n will hold the value 7, which is the length of the string ""racecar"".",What change would you make to the code to improve its runtime efficiency by avoiding unnecessary comparisons or variables while still correctly checking for palindromes?,"Replace the counting variable and loop by returning 0 immediately when characters don't match in the comparison loop, and return 1 after the loop if no mismatches are found."
100,"int IsPalindrome(char *word)
{
    int length = strlen(word);
    for (int i = 0; i < length/2; i++)
    {
        if (word[i] !=  word[length - i -1])
        return 0;
    }
    return 1;
}",Why does the for loop in this code only iterate until i < length/2?,"Because each comparison checks a pair of characters from opposite ends of the word, so only half the string needs to be checked to determine if it is a palindrome.","If the input to IsPalindrome is ""racecar"", how many times does the for-loop execute, and what determines this number?","The for-loop executes 3 times because it runs from i = 0 up to, but not including, i = length/2 where length is 7, so it iterates while i < 3 (for i = 0, 1, 2).","How would you modify the IsPalindrome function to correctly handle input strings that contain spaces or punctuation marks, so that phrases like 'nurses run' are identified as palindromes?","I would update the function to skip spaces and punctuation when comparing characters, by advancing the indices past non-alphabetic characters before comparing each pair."
